date,open,high,close,low,volume,price_change,p_change,ma5,ma10,ma20,v_ma5,v_ma10,v_ma20
2019-09-12,1066.0,1109.98,1099.0,1066.0,41211.33,29.48,2.76,1114.276,1126.115,1108.345,40942.17,37385.21,37563.02
2019-09-11,1119.22,1119.97,1069.52,1068.0,81716.54,-54.33,-4.83,1123.276,1127.525,1105.64,39286.08,36197.12,36864.33
2019-09-10,1134.3,1135.0,1123.85,1120.01,26227.07,-12.67,-1.11,1134.374,1130.584,1104.33,29662.81,32726.43,34849.05
2019-09-09,1145.0,1148.0,1136.52,1135.0,29379.34,-5.97,-0.52,1137.604,1129.099,1099.035,30314.42,35320.15,35054.18
2019-09-06,1144.5,1146.15,1142.49,1131.0,26176.59,-1.51,-0.13,1138.052,1125.742,1093.141,30085.41,37232.0,37660.16
2019-09-05,1129.0,1144.9,1144.0,1128.0,32930.84,18.99,1.69,1137.954,1124.503,1084.118,33828.25,38633.57,37774.41
2019-09-04,1140.8,1142.91,1125.01,1120.11,33600.22,-14.99,-1.31,1131.774,1120.503,1075.502,33108.17,39099.57,38068.28
2019-09-03,1140.0,1151.02,1140.0,1128.56,29485.09,1.24,0.11,1126.794,1114.602,1066.501,35790.06,38246.21,37731.77
2019-09-02,1139.99,1144.98,1138.76,1129.0,28234.33,-3.24,-0.28,1120.594,1107.602,1056.816,40325.88,38157.91,38457.07
2019-08-30,1125.0,1146.0,1142.0,1123.0,44890.77,28.9,2.6,1113.432,1099.314,1047.0,44378.59,38621.24,38884.07
2019-08-29,1105.0,1118.18,1113.1,1092.5,29330.42,12.99,1.18,1111.052,1090.574,1037.622,43438.9,37740.83,38625.5
2019-08-28,1109.0,1123.19,1100.11,1083.01,47009.67,-8.89,-0.8,1109.232,1083.754,1029.932,45090.97,37531.53,38913.46
2019-08-27,1117.0,1131.31,1109.0,1109.0,52164.21,6.05,0.55,1102.41,1078.076,1023.557,40702.36,36971.66,37689.28
2019-08-26,1113.0,1128.0,1102.95,1096.68,48497.89,-27.15,-2.4,1094.61,1068.971,1017.053,35989.94,34788.21,36057.97
2019-08-23,1105.0,1133.56,1130.1,1095.62,40192.3,26.1,2.36,1085.196,1060.539,1010.726,32863.88,38088.31,34982.14
2019-08-22,1072.99,1104.0,1104.0,1070.0,37590.78,38.0,3.56,1070.096,1043.732,1002.473,32042.77,36915.25,34295.91
2019-08-21,1070.1,1076.97,1066.0,1061.66,25066.62,-4.0,-0.37,1058.276,1030.5,995.423,29972.09,37036.99,34329.15
2019-08-20,1055.0,1073.68,1070.0,1050.0,28602.13,14.12,1.34,1053.742,1018.4,989.441,33240.96,37217.32,35414.38
2019-08-19,1061.0,1069.98,1055.88,1049.05,32867.58,1.28,0.12,1043.332,1006.03,983.64,33586.47,38756.23,35608.47
2019-08-16,1049.84,1075.58,1054.6,1041.0,36086.73,9.7,0.93,1035.882,994.685,978.697,43312.74,39146.9,35371.37
2019-08-15,1028.0,1046.48,1044.9,1028.0,27237.39,1.57,0.15,1017.368,984.67,973.76,41787.74,39510.17,34967.77
2019-08-14,1030.02,1051.9,1043.33,1030.02,41410.95,25.38,2.49,1002.724,976.11,968.89,44101.89,40295.38,35568.55
2019-08-13,1016.16,1026.0,1017.95,1010.68,30329.7,-0.68,-0.07,983.058,969.037,964.899,41193.69,38406.91,34771.45
2019-08-12,1010.31,1020.1,1018.63,995.01,81498.95,56.6,5.88,968.728,965.135,962.401,43925.98,37327.73,34917.22
2019-08-09,978.5,980.95,962.03,958.99,28461.7,-9.65,-0.99,953.488,960.913,960.266,34981.06,31875.97,33835.8
2019-08-08,953.5,974.0,971.68,952.0,38808.13,26.68,2.82,951.972,961.213,961.469,37232.6,31676.56,33821.4
2019-08-07,949.5,955.53,945.0,945.0,26869.98,-1.3,-0.14,949.496,960.345,961.96,36488.87,31621.32,33406.71
2019-08-06,931.0,948.0,946.3,923.8,43991.16,3.87,0.41,955.016,960.481,963.836,35620.12,33611.44,33471.54
2019-08-05,945.0,954.0,942.43,940.0,36774.31,-12.02,-1.26,961.542,961.249,965.324,30729.48,32460.72,32858.15
2019-08-02,944.0,957.98,954.45,943.0,39719.4,-4.85,-0.51,968.338,962.708,967.446,28770.88,31595.84,32700.11
2019-08-01,976.51,977.0,959.3,953.02,35089.52,-13.3,-1.37,970.454,962.85,969.714,26120.52,30425.38,33215.78
2019-07-31,975.0,981.77,972.6,966.59,22526.2,-6.33,-0.65,971.194,961.67,970.809,26753.76,30841.72,33772.13
2019-07-30,976.5,983.0,978.93,971.0,19537.97,2.52,0.26,965.946,960.76,971.574,31602.76,31135.99,36002.79
2019-07-29,962.03,979.5,976.41,960.01,26981.33,11.38,1.18,960.956,959.667,973.878,34191.95,32506.71,36978.95
2019-07-26,961.97,971.0,965.03,958.55,26467.59,2.03,0.21,957.078,959.619,976.65,34420.79,35795.62,38246.74
2019-07-25,945.97,963.36,963.0,938.15,38255.7,16.64,1.76,955.246,961.725,977.599,34730.23,35966.25,38477.78
2019-07-24,958.31,959.9,946.36,944.69,46771.2,-7.62,-0.8,952.146,963.575,979.266,34929.68,35192.1,38963.92
2019-07-23,962.3,962.59,953.98,943.86,32483.95,-3.04,-0.32,955.574,967.191,980.941,30669.21,33331.65,38104.77
2019-07-22,960.0,964.0,957.02,950.25,28125.49,1.15,0.12,958.378,969.399,982.391,30821.47,33255.58,39045.37
2019-07-19,955.0,960.8,955.87,948.0,28014.81,8.37,0.88,962.16,972.183,983.895,37170.45,33804.39,39928.05
2019-07-18,961.5,963.0,947.5,947.18,39252.95,-16.0,-1.66,968.204,976.578,984.917,37202.26,36006.18,40823.65
2019-07-17,968.0,972.99,963.5,962.13,25468.87,-4.5,-0.47,975.004,979.948,986.292,35454.51,36702.55,42224.6
2019-07-16,975.45,982.3,968.0,965.0,33245.24,-7.93,-0.81,978.808,982.388,984.717,35994.08,40869.59,43637.48
2019-07-15,967.8,980.1,975.93,951.13,59870.4,-10.16,-1.03,980.42,988.088,982.167,35689.69,41451.18,43447.28
2019-07-12,981.3,991.5,986.09,980.01,28173.85,4.59,0.47,982.206,993.681,978.951,30438.32,40697.86,42092.22
2019-07-11,989.96,998.38,981.5,976.0,30514.19,-1.02,-0.1,984.952,993.472,975.296,34810.09,40989.32,42806.28
2019-07-10,980.93,990.58,982.52,977.0,28166.7,6.46,0.66,984.892,994.957,971.721,37950.59,42735.74,42926.44
2019-07-09,979.3,989.0,976.06,968.35,31723.32,-8.8,-0.89,985.968,994.691,967.93,45745.11,42877.89,43405.47
2019-07-08,995.05,997.9,984.86,975.0,33613.52,-14.96,-1.5,995.756,995.383,964.672,47212.66,44835.15,45824.63
2019-07-05,986.0,1006.0,999.82,976.3,50032.71,18.62,1.9,1005.156,995.607,958.983,50957.41,46051.72,46919.08
2019-07-04,985.8,990.8,981.2,971.22,46216.68,-6.7,-0.68,1001.992,993.255,952.098,47168.54,45641.13,46156.78
2019-07-03,1020.0,1023.0,987.9,981.5,67139.32,-37.1,-3.62,1005.022,992.635,946.618,47520.9,47746.65,45549.32
2019-07-02,1025.0,1029.5,1025.0,1016.0,39061.09,-6.86,-0.67,1003.414,987.046,940.988,40010.67,46405.36,44176.82
2019-07-01,1004.52,1035.6,1031.86,1000.22,52337.23,47.86,4.86,995.01,976.246,934.338,42457.64,45443.39,43947.73
2019-06-28,985.99,988.88,984.0,971.33,31088.4,2.19,0.22,986.058,964.22,927.245,41146.04,43486.57,43120.56
2019-06-27,985.0,1001.0,996.35,981.12,47978.45,16.49,1.68,984.518,957.12,923.31,44113.71,44623.24,43578.5
2019-06-26,985.0,985.0,979.86,971.22,29588.18,-3.12,-0.32,980.248,948.485,919.088,47972.41,43117.13,44461.93
2019-06-25,992.0,999.0,982.98,967.0,51295.95,-4.12,-0.42,970.678,941.169,914.495,52800.05,43933.05,46721.16
2019-06-24,978.3,999.69,987.1,975.0,45779.2,10.8,1.11,957.482,933.96,909.296,48429.14,46814.1,46114.45
2019-06-21,969.97,984.49,976.3,964.5,45926.75,1.3,0.13,942.382,922.358,903.866,45827.11,47786.43,46027.2
2019-06-20,932.5,975.5,975.0,932.2,67271.97,42.99,4.61,929.722,910.941,898.101,45132.76,46672.44,46633.79
2019-06-19,940.0,946.7,932.01,932.01,53726.4,15.01,1.64,916.722,900.601,893.751,38261.85,43351.98,44872.27
2019-06-18,917.0,920.0,917.0,902.6,29441.38,5.4,0.59,911.66,894.93,891.901,35066.05,41948.29,44305.23
2019-06-17,907.0,926.94,911.6,906.02,32769.03,-1.4,-0.15,910.438,892.43,890.299,45199.07,42452.07,45053.57
2019-06-14,911.0,932.3,913.0,910.02,42455.04,3.0,0.33,902.334,890.27,890.058,49745.75,42754.55,45907.19
2019-06-13,910.0,912.3,910.0,897.0,32917.42,3.3,0.36,892.16,889.5,890.904,48212.11,42533.77,46011.45
2019-06-12,906.22,910.99,906.7,894.0,37747.4,-4.19,-0.46,884.48,889.691,891.754,48442.1,45806.72,47521.79
2019-06-11,876.0,915.61,910.89,875.0,80106.44,39.81,4.57,878.2,887.821,890.747,48830.52,49509.26,48633.58
2019-06-10,857.98,878.95,871.08,840.0,55502.46,8.95,1.04,874.422,884.632,889.803,39705.08,45414.8,46960.11
2019-06-06,875.62,875.77,862.13,858.0,34786.85,-9.47,-1.09,878.206,885.374,891.605,35763.35,44267.97,48180.36
2019-06-05,884.0,886.26,871.6,870.0,34067.36,-3.7,-0.42,886.84,885.261,891.439,36855.42,46595.14,51018.27
2019-06-04,895.0,895.43,875.3,871.0,39689.48,-16.7,-1.87,894.902,886.901,892.079,43171.34,46392.57,53409.05
2019-06-03,892.0,901.35,892.0,886.28,34479.24,2.0,0.23,897.442,888.871,892.814,50187.99,46662.18,56466.44
2019-05-31,900.53,906.99,890.0,890.0,35793.8,-15.3,-1.69,894.842,888.167,893.514,51124.53,47655.06,61497.47
2019-05-30,910.0,919.99,905.3,891.22,40247.2,-6.61,-0.72,892.542,889.846,897.714,52772.59,49059.84,61504.94
2019-05-29,888.01,924.95,911.91,888.01,65646.96,23.91,2.69,883.682,892.307,901.047,56334.87,49489.13,62121.19
2019-05-28,877.99,907.49,888.0,875.02,74772.77,9.0,1.02,878.9,893.816,902.702,49613.8,49236.86,61002.73
2019-05-27,879.1,882.99,879.0,860.05,39161.91,0.5,0.06,880.3,893.673,905.92,43136.37,47757.9,59254.15
2019-05-24,865.0,885.0,878.5,864.44,44034.09,17.5,2.03,881.492,894.973,910.47,44185.59,48505.42,59557.41
2019-05-23,881.0,883.98,861.0,856.22,58058.63,-27.0,-3.04,887.15,897.835,915.293,45347.09,52092.75,59798.31
2019-05-22,894.98,904.0,888.0,880.0,32041.58,-7.0,-0.78,900.932,897.616,919.703,42643.39,55441.4,58926.77
2019-05-21,885.0,910.0,895.0,872.02,42385.65,10.04,1.14,908.732,897.256,922.931,48859.92,60425.54,58943.68
2019-05-20,900.0,900.0,884.96,871.0,44407.99,-21.83,-2.41,907.046,896.756,925.456,52379.42,66270.7,57804.33
2019-05-17,927.02,932.3,906.79,900.1,49841.61,-23.12,-2.49,908.454,898.86,928.808,52825.26,75339.87,57621.98
2019-05-16,919.0,932.0,929.91,905.0,44540.12,2.91,0.31,908.52,905.581,930.463,58838.41,73950.03,57451.07
2019-05-15,890.24,933.0,927.0,890.24,63124.25,40.43,4.56,894.3,909.787,929.318,68239.42,74753.25,57500.2
2019-05-14,885.0,906.0,886.57,873.0,59983.12,-5.43,-0.61,885.78,911.587,928.668,71991.16,72768.59,56774.59
2019-05-13,898.86,910.98,892.0,884.0,46637.18,-15.12,-1.67,886.466,918.167,930.599,80161.99,70750.41,56830.56
2019-05-10,875.66,910.78,907.12,868.19,79907.38,48.31,5.62,889.266,925.967,933.399,97854.49,70609.4,57889.42
2019-05-09,875.0,879.87,858.81,842.5,91545.15,-25.59,-2.89,902.642,932.75,933.293,89061.65,67503.86,56293.54
2019-05-08,860.0,901.8,884.4,860.0,81882.98,-5.6,-0.63,925.274,941.789,935.362,81267.08,62412.14,55028.88
2019-05-07,893.28,913.94,890.0,870.22,100837.26,-16.0,-1.77,937.394,948.605,934.392,73546.02,57461.82,53723.35
2019-05-06,925.5,935.0,906.0,893.0,135099.69,-68.0,-6.98,949.868,954.155,932.117,61338.84,49337.95,50834.33
2019-04-30,968.0,984.96,974.0,963.11,35943.18,2.03,0.21,962.668,958.755,929.317,43364.3,39904.08,46740.7
2019-04-29,945.0,989.0,971.97,935.0,52572.3,26.97,2.85,962.858,955.345,923.567,45946.07,40952.11,47990.27
2019-04-26,946.3,959.88,945.0,945.0,43277.68,-7.37,-0.77,958.304,948.848,917.668,43557.21,40247.14,49908.35
2019-04-25,968.79,973.99,952.37,951.22,39801.34,-17.63,-1.82,959.816,945.748,910.758,41377.63,40780.59,50622.81
2019-04-24,979.88,990.0,970.0,951.22,45227.0,-4.95,-0.51,958.442,943.031,902.565,37337.06,42910.71,50773.11
2019-04-23,951.0,981.22,974.95,949.2,48852.05,25.75,2.71,954.842,940.83,892.715,36443.87,45169.45,50391.54
2019-04-22,959.5,978.89,949.2,940.61,40627.96,-3.36,-0.35,947.832,933.835,882.747,35958.14,45083.23,49812.46
2019-04-19,943.96,960.95,952.56,931.31,32379.78,7.06,0.75,939.392,928.935,874.987,36937.08,47645.62,49306.94
2019-04-18,945.41,954.68,945.5,936.22,19598.52,-6.5,-0.68,931.68,920.179,866.647,40183.56,49984.88,49316.62
2019-04-17,938.0,955.51,952.0,925.0,40761.02,12.1,1.29,927.62,910.079,859.012,48484.36,52330.71,49892.57
2019-04-16,904.9,939.9,939.9,901.22,46423.44,32.9,3.63,926.818,899.879,851.042,53895.03,53577.31,49886.26
2019-04-15,931.0,939.0,907.0,907.0,45522.64,-7.0,-0.77,919.838,891.789,844.552,54208.31,55028.43,51631.03
2019-04-12,909.0,919.99,914.0,900.01,48612.17,-11.2,-1.21,918.478,886.488,838.067,58354.16,59569.56,51974.93
2019-04-11,948.0,950.0,925.2,905.55,61102.54,-22.79,-2.4,908.678,875.768,831.267,59786.2,60465.02,52652.95
2019-04-10,903.0,951.9,947.99,900.0,67814.38,42.99,4.75,892.538,862.098,822.707,56177.05,58635.5,51625.89
2019-04-09,903.0,908.2,905.0,892.51,47989.8,4.8,0.53,872.94,844.599,812.558,53259.59,55613.64,50860.67
2019-04-08,900.0,908.0,900.2,890.12,66251.93,35.2,4.07,863.74,831.659,805.235,55848.55,54541.7,51114.05
2019-04-04,840.0,865.8,865.0,836.2,55772.36,20.5,2.43,854.498,821.039,797.1,60784.96,50968.26,50415.21
2019-04-03,840.12,851.74,844.5,834.21,43056.8,-5.5,-0.65,842.858,813.114,791.28,61143.84,48648.35,50635.62
2019-04-02,859.99,859.99,850.0,836.06,53227.05,-9.0,-1.05,831.658,807.944,787.455,61093.95,47454.42,50819.35
2019-04-01,860.0,868.95,859.0,851.0,60934.61,5.01,0.59,816.258,802.205,783.944,57967.68,46195.21,50399.52
2019-03-29,835.0,866.68,853.99,830.17,90933.96,47.19,5.85,799.578,797.314,780.087,53234.85,48233.63,51582.09
2019-03-28,793.43,814.48,806.8,785.68,57566.76,18.3,2.32,787.58,789.645,776.852,41151.56,44380.3,50227.41
2019-03-27,781.0,793.88,788.5,775.0,42807.39,15.5,2.0,783.37,786.765,774.263,36152.86,44840.88,50198.38
2019-03-26,780.0,785.94,773.0,764.1,37595.69,-2.6,-0.34,784.23,783.315,771.873,33814.89,44616.28,51355.12
2019-03-25,786.0,788.0,775.6,773.3,37270.46,-18.4,-2.32,788.152,780.516,769.59,34422.74,46107.71,52373.57
2019-03-22,788.22,799.98,794.0,785.0,30517.5,8.25,1.05,795.05,778.81,767.927,43232.41,47686.39,54641.18
2019-03-21,788.0,792.8,785.75,781.5,32573.28,-7.05,-0.89,791.71,773.16,764.527,47609.05,49862.17,54410.74
2019-03-20,790.0,802.3,792.8,785.0,31117.52,0.19,0.02,790.16,769.445,761.252,53528.9,52622.89,54274.6
2019-03-19,803.0,807.92,792.61,792.3,40634.93,-17.48,-2.16,782.4,766.965,757.712,55417.67,54184.28,54612.84
2019-03-18,778.8,814.53,810.09,777.0,81318.8,32.79,4.22,772.88,765.682,754.62,57792.69,54603.84,54056.17
2019-03-15,776.0,787.5,777.3,764.85,52400.71,-0.7,-0.09,762.57,762.859,751.115,52140.38,54930.56,51877.52
2019-03-14,757.0,785.0,778.0,754.0,62172.56,24.0,3.18,754.61,764.059,748.489,52115.28,56074.51,50419.39
2019-03-13,745.5,760.75,754.0,745.5,40561.36,8.99,1.21,748.73,761.76,746.447,51716.88,55555.88,48923.67
2019-03-12,763.82,763.83,745.01,739.0,52510.01,-13.53,-1.78,751.53,760.43,745.51,52950.88,58093.97,48679.45
2019-03-11,740.04,766.95,758.54,740.04,53057.24,21.04,2.85,758.484,758.664,744.155,51414.99,58639.43,47808.52
2019-03-08,737.9,746.83,737.5,733.65,52275.25,-11.1,-1.48,763.148,757.043,742.493,57720.73,61595.97,48062.7
2019-03-07,762.22,762.22,748.6,745.56,60180.53,-19.4,-2.53,773.508,755.894,740.252,60033.73,58959.32,46974.97
2019-03-06,775.0,779.5,768.0,765.88,46731.37,-11.78,-1.51,774.79,753.059,737.302,59394.87,55926.31,45800.77
2019-03-05,785.0,789.55,779.78,775.88,44830.56,-2.08,-0.27,769.33,748.459,732.702,63237.05,55041.41,44599.2
2019-03-04,795.0,798.33,781.86,777.22,84585.96,-7.44,-0.94,758.844,743.557,727.963,65863.87,53508.5,43874.8
2019-03-01,761.5,790.0,789.3,761.0,63840.23,34.29,4.54,750.938,739.371,722.72,65471.2,48824.49,41450.64
2019-02-28,737.9,763.42,755.01,736.95,56986.25,14.31,1.93,738.28,732.919,717.24,57884.91,44764.27,39707.95
2019-02-27,733.0,758.02,740.7,731.0,65942.27,13.35,1.83,731.328,731.134,713.114,52457.74,42291.46,38316.4
2019-02-26,747.8,749.18,727.35,726.0,57964.66,-14.98,-2.02,727.588,730.589,709.362,46845.76,39264.94,36700.53
2019-02-25,730.75,744.44,742.33,717.99,82622.59,16.32,2.25,728.27,729.646,706.545,41153.13,36977.61,35908.41
2019-02-22,717.0,728.49,726.01,714.1,25908.77,5.76,0.8,727.804,727.943,703.777,32177.79,34529.43,34129.87
2019-02-21,720.0,730.48,720.25,717.0,29850.4,-1.75,-0.24,727.558,724.609,701.657,31643.63,34990.61,36264.89
2019-02-20,735.0,735.0,722.0,716.06,37882.37,-8.76,-1.2,730.94,721.544,698.607,32125.17,35675.23,36286.61
2019-02-19,740.96,742.5,730.76,726.66,29501.5,-9.24,-1.25,733.59,716.944,695.562,31684.11,34156.99,36496.68
2019-02-18,731.0,744.95,740.0,731.0,37745.89,15.22,2.1,731.022,712.368,692.023,32802.1,34241.1,37809.84
2019-02-15,734.88,734.88,724.78,723.02,23237.98,-12.38,-1.68,728.082,706.068,686.253,36881.07,34076.8,37204.99
2019-02-14,731.2,743.66,737.16,730.14,32258.13,1.91,0.26,721.66,701.56,681.808,38337.6,34651.63,37987.3
2019-02-13,723.0,736.16,735.25,717.22,35677.06,17.33,2.41,712.148,695.094,675.889,39225.29,34341.35,37826.59
2019-02-12,723.0,725.49,717.92,715.2,35091.43,-7.38,-1.02,700.298,688.135,669.932,36629.87,34136.12,38537.35
2019-02-11,695.0,729.5,725.3,688.18,58140.75,32.63,4.71,693.714,683.443,664.276,35680.1,34839.2,38224.69
2019-02-01,697.04,699.0,692.67,689.61,30520.62,3.07,0.45,684.054,679.611,658.285,31272.52,33730.32,37055.16
2019-01-31,680.0,689.6,689.6,677.56,36696.57,13.6,2.01,681.46,678.705,653.752,30965.67,37539.17,37413.3
2019-01-30,684.99,686.22,676.0,676.0,22699.96,-9.0,-1.31,678.04,675.67,648.772,29457.41,36897.99,37127.34
2019-01-29,677.5,688.0,685.0,668.0,30342.59,8.0,1.18,675.972,674.18,644.921,31642.38,38836.36,39106.67
2019-01-28,684.0,693.98,677.0,676.03,36102.87,-2.7,-0.4,673.172,671.678,640.171,33998.3,41378.59,40773.45
2019-01-25,675.88,684.9,679.7,669.93,28986.35,7.2,1.07,675.168,666.438,634.471,36188.11,40333.19,40442.99
2019-01-24,670.3,677.83,672.5,664.68,29155.27,6.84,1.03,675.95,662.056,628.49,44112.68,41322.98,39886.98
2019-01-23,667.22,674.5,665.66,663.13,33624.81,-5.34,-0.8,673.3,656.683,623.155,44338.58,41311.84,39758.86
2019-01-22,686.0,686.0,671.0,665.22,42122.21,-15.98,-2.33,672.388,651.729,618.272,46030.34,42938.59,39033.11
2019-01-21,690.0,698.88,686.98,681.88,47051.93,3.37,0.49,670.184,645.108,613.092,48758.87,41610.18,38459.03
2019-01-18,665.0,690.2,683.61,661.5,68609.18,24.36,3.69,657.708,636.959,607.468,44478.27,40380.0,37453.48
2019-01-17,663.0,669.7,659.25,655.8,30284.76,-1.85,-0.28,648.162,628.798,602.178,38533.27,37287.43,35308.82
2019-01-16,658.0,665.65,661.1,653.6,42083.64,1.12,0.17,640.066,621.873,598.762,38285.1,37356.69,34755.69
2019-01-15,627.86,661.5,659.98,625.0,55764.85,35.38,5.66,631.07,615.661,595.233,39846.83,39376.97,33896.3
2019-01-14,633.0,635.89,624.6,621.55,25648.9,-11.28,-1.77,620.032,608.664,591.882,34461.48,40168.32,32335.78
2019-01-11,625.0,637.0,635.88,618.75,38884.21,17.11,2.77,616.21,602.504,590.74,36281.73,40552.79,33073.31
2019-01-10,617.13,624.88,618.77,610.25,29043.9,2.65,0.43,609.434,594.924,588.396,36041.58,38450.99,32125.17
2019-01-09,609.99,626.16,616.12,609.04,49892.27,11.33,1.87,603.68,589.626,586.607,36428.27,38205.88,31488.81
2019-01-08,605.5,612.0,604.79,600.28,28838.13,-0.7,-0.12,600.252,584.814,584.662,38907.11,35127.64,30226.23
2019-01-07,608.0,612.0,605.49,602.22,34750.13,3.49,0.58,597.296,581.076,583.773,45875.16,35307.87,30126.4
2019-01-04,587.28,607.67,602.0,582.02,37683.47,12.0,2.03,588.798,577.977,583.088,44823.85,34526.96,30276.8
2019-01-03,599.97,601.66,590.0,585.8,30977.35,-8.98,-1.5,580.414,575.557,583.493,40860.4,33330.21,30472.04
2019-01-02,609.98,612.0,598.98,595.01,62286.49,8.97,1.52,575.572,575.651,584.105,39983.5,32154.69,30496.86
2018-12-28,563.3,596.4,590.01,560.0,63678.37,27.01,4.8,569.376,574.805,584.216,31348.17,28415.63,31553.27
2018-12-27,570.0,571.85,563.0,562.22,29493.57,2.92,0.52,564.856,575.1,582.965,24740.58,24503.24,30819.88
2018-12-26,563.81,568.4,560.08,558.0,17866.2,-5.71,-1.01,567.156,578.975,582.395,24230.07,25593.82,31598.67
2018-12-25,562.22,567.5,565.79,553.61,26592.86,-2.21,-0.39,570.7,581.867,582.241,25800.02,25799.36,32092.26
2018-12-24,563.5,570.91,568.0,558.0,19109.86,0.59,0.1,575.73,583.587,581.357,24325.88,24771.73,31774.31
2018-12-21,571.0,573.45,567.41,562.21,30640.43,-7.09,-1.23,580.234,584.51,580.562,25483.08,25324.81,31774.82
2018-12-20,576.22,581.5,574.5,568.89,26940.98,-3.3,-0.57,585.344,586.469,580.037,24265.89,24944.94,31249.11
2018-12-19,589.0,590.99,577.8,576.03,25715.96,-13.14,-2.22,590.794,588.199,579.537,26957.58,26026.64,30962.73
2018-12-18,585.88,591.54,590.94,585.0,19222.18,0.42,0.07,593.034,591.429,578.882,25798.69,27613.87,31032.3
2018-12-17,592.57,595.97,590.52,585.01,24895.85,-2.44,-0.41,591.444,592.558,577.415,25217.58,28839.04,31418.35
2018-12-14,598.01,599.8,592.96,592.0,24554.48,-8.79,-1.46,588.786,593.626,576.34,25166.54,34690.92,31982.52
2018-12-13,590.0,606.88,601.75,589.6,40399.41,12.75,2.17,587.594,590.83,574.692,25623.98,37136.52,32201.74
2018-12-12,588.79,589.2,589.0,582.8,19921.54,6.01,1.03,585.604,585.815,572.589,25095.71,37603.52,31723.44
2018-12-11,577.0,586.55,582.99,577.0,16316.6,5.76,1.0,589.824,582.615,570.894,29429.04,38385.16,32815.7
2018-12-10,576.0,587.5,577.23,574.18,24640.68,-9.77,-1.66,593.672,579.126,570.245,32460.5,38776.88,35321.32
2018-12-07,595.6,598.86,587.0,584.7,26841.67,-4.8,-0.81,598.466,576.614,568.983,44215.3,38224.83,37480.5
2018-12-06,600.0,605.98,591.8,590.36,37758.07,-18.3,-3.0,594.066,573.604,567.733,48649.06,37553.29,37355.26
2018-12-05,597.5,616.5,610.1,595.0,41588.19,7.87,1.31,586.026,570.874,566.66,50111.33,35898.81,37155.54
2018-12-04,602.99,604.26,602.23,595.0,31473.88,1.03,0.17,575.406,566.334,564.475,47341.28,34450.73,36981.52
2018-12-03,589.0,605.0,601.2,584.77,83414.68,36.2,6.41,564.58,562.271,562.664,45093.27,33997.66,37686.13
2018-11-30,557.0,568.89,565.0,553.0,49010.46,13.4,2.43,554.762,559.053,561.394,32234.37,29274.12,37291.25
2018-11-29,566.03,569.8,551.6,549.01,45069.45,-5.4,-0.97,553.142,558.553,563.139,26457.52,27266.95,39298.58
2018-11-28,550.85,559.19,557.0,545.5,27737.93,8.9,1.62,555.722,559.363,563.709,21686.3,25843.35,41950.44
2018-11-27,552.0,554.99,548.1,546.5,20233.82,-4.01,-0.73,557.262,559.173,563.304,21560.17,27246.24,45407.79
2018-11-26,558.0,560.2,552.11,552.0,19120.19,-4.79,-0.86,559.962,561.363,562.099,22902.06,31865.76,54615.93
2018-11-23,564.0,567.3,556.9,556.9,20126.21,-7.6,-1.35,563.344,561.352,561.948,26313.87,36736.16,56113.72
2018-11-22,565.15,567.33,564.5,558.0,21213.33,-0.2,-0.04,563.964,561.862,564.608,28076.39,37157.23,57873.78
2018-11-21,554.0,568.9,564.7,553.68,27107.3,3.1,0.55,563.004,562.446,567.333,30000.4,38412.27,60591.53
2018-11-20,565.0,568.0,561.6,560.0,26943.26,-7.42,-1.3,561.084,562.616,570.947,32932.31,39512.31,63041.81
2018-11-19,560.3,572.0,569.02,559.11,36179.25,9.02,1.61,562.764,563.056,574.954,40829.46,41374.6,67850.28
2018-11-16,561.0,566.0,560.0,558.03,28938.79,0.3,0.05,559.36,563.734,581.153,47158.46,45308.39,69696.75
2018-11-15,558.8,564.8,559.7,555.5,30833.4,4.6,0.83,559.76,567.724,586.653,46238.06,51330.2,72059.77
2018-11-14,569.96,569.96,555.1,552.55,41766.83,-14.9,-2.61,561.888,568.054,590.965,46824.13,58057.53,73125.91
2018-11-13,546.12,570.0,570.0,543.0,66429.05,18.0,3.26,564.148,567.434,596.496,46092.32,63569.33,73191.42
2018-11-12,553.0,554.2,552.0,536.8,67824.22,-10.0,-1.78,563.348,562.834,601.353,41919.74,77366.1,71189.65
2018-11-09,567.22,569.0,562.0,562.0,24336.82,-8.34,-1.46,568.108,562.543,607.098,43458.31,75491.27,69578.8
2018-11-08,574.0,577.0,570.34,568.0,33763.74,3.94,0.7,575.688,567.353,612.398,56422.34,78590.33,71085.59
2018-11-07,569.0,574.95,566.4,562.01,38107.78,0.4,0.07,574.22,572.219,616.131,69290.94,82770.79,73976.5
2018-11-06,574.0,574.16,566.0,558.01,45566.14,-9.8,-1.7,570.72,579.278,621.357,81046.34,86571.3,75226.02
2018-11-05,593.0,593.0,575.8,571.77,75517.08,-24.1,-4.02,562.32,586.852,627.807,112812.45,94325.96,74958.86
2018-11-02,585.0,600.0,599.9,572.24,89156.96,36.9,6.55,556.978,598.572,633.324,107524.23,94085.11,75320.25
2018-11-01,555.0,585.5,563.0,551.25,98106.72,14.1,2.57,559.018,605.582,639.829,100758.32,92789.35,72616.89
2018-10-31,527.0,555.0,548.9,522.0,96884.82,24.9,4.75,570.218,613.876,647.879,96250.65,88194.28,69736.98
2018-10-30,510.0,543.0,524.0,509.02,204396.67,-25.09,-4.57,587.836,625.558,656.681,92096.25,82813.51,68507.13
2018-10-29,549.09,549.09,549.09,549.09,49076.0,-61.01,-10.0,611.384,639.872,665.332,75839.46,65013.2,59819.29
2018-10-26,619.0,625.0,610.1,607.98,55327.38,-8.9,-1.44,640.166,651.653,672.878,80645.98,63666.33,59496.35
2018-10-25,620.0,622.5,619.0,608.58,75568.38,-17.99,-2.82,652.146,657.443,676.3,84820.38,63580.85,58105.96
2018-10-24,628.11,650.0,636.99,620.0,76112.82,-4.75,-0.74,657.534,660.042,679.421,80137.91,65182.21,56738.63
2018-10-23,689.0,689.0,641.74,635.0,123112.73,-51.26,-7.4,663.28,663.435,680.907,73530.76,63880.74,54825.93
2018-10-22,675.0,702.02,693.0,675.0,73108.57,23.0,3.43,668.36,668.761,681.11,54186.94,55591.75,50125.94
2018-10-19,638.0,675.0,670.0,635.08,76199.38,24.06,3.73,663.14,668.076,678.605,46686.68,56555.4,48515.52
2018-10-18,660.0,660.0,645.94,644.97,52156.07,-19.78,-2.97,662.74,674.076,676.704,42341.32,52444.44,47091.21
2018-10-17,675.0,677.3,665.72,649.9,43077.07,-1.42,-0.21,662.55,681.882,675.907,50226.5,51279.69,46541.27
2018-10-16,665.98,679.53,667.14,662.01,26393.6,0.24,0.04,663.59,687.803,674.921,54230.72,54200.76,45362.26
2018-10-15,669.49,671.95,666.9,660.03,35607.3,-1.1,-0.17,669.162,690.791,673.804,56996.57,54625.39,45102.69
2018-10-12,651.0,672.68,668.0,650.58,54472.56,23.01,3.57,673.012,694.102,673.008,66424.11,55326.38,44784.33
2018-10-11,635.01,668.94,644.99,635.01,91581.96,-25.93,-3.87,685.412,695.157,671.808,62547.56,52631.07,44179.23
2018-10-10,697.26,698.0,670.92,669.69,63098.2,-24.08,-3.46,701.214,698.8,672.448,52332.88,48295.06,41049.3
2018-10-09,686.9,698.71,695.0,685.9,40222.83,8.85,1.29,712.016,698.378,672.654,54170.79,45771.11,38971.42
2018-10-08,715.41,719.0,686.15,686.15,82745.02,-43.85,-6.01,712.42,693.459,671.214,52254.21,44660.12,38469.27
2018-09-28,726.7,733.2,730.0,718.88,35089.8,6.0,0.83,715.192,689.134,669.866,44228.64,40475.64,37281.06
2018-09-27,727.5,728.0,724.0,715.4,40508.53,-0.93,-0.13,704.902,679.332,667.386,42714.58,41737.97,37215.99
2018-09-26,702.1,732.68,724.93,701.99,72287.77,27.91,4.0,696.386,669.932,665.479,44257.24,41802.86,36560.76
2018-09-25,695.0,705.77,697.02,693.26,30639.91,-2.99,-0.43,684.74,662.039,663.282,37371.42,36523.77,34570.82
2018-09-21,682.0,700.01,700.01,680.01,42617.2,21.46,3.16,674.498,656.817,662.796,37066.03,35579.99,35439.67
2018-09-20,685.2,686.9,678.55,677.36,27519.48,-2.87,-0.42,663.076,651.913,660.811,36722.63,34242.28,34613.32
2018-09-19,666.58,686.0,681.42,666.0,48221.84,14.72,2.21,653.762,648.458,660.394,40761.36,35727.39,34605.21
2018-09-18,643.0,668.0,666.7,642.22,37858.68,20.89,3.23,643.478,646.095,659.708,39348.47,33803.55,33227.9
2018-09-17,645.0,652.96,645.81,641.06,29112.95,2.91,0.45,639.338,646.929,659.947,35676.11,32171.73,33947.41
2018-09-14,633.98,649.78,642.9,628.53,40900.19,10.92,1.73,639.136,648.969,659.896,34093.96,32278.42,34934.38
2018-09-13,638.0,642.0,631.98,620.0,47713.16,1.98,0.31,640.75,650.598,659.497,31761.93,34086.49,35218.1
2018-09-12,643.0,644.87,630.0,628.01,41157.37,-16.0,-2.48,643.154,655.44,660.348,30693.42,32694.01,35829.44
2018-09-11,645.57,650.97,646.0,640.63,19496.87,1.2,0.19,648.712,661.025,661.983,28258.63,31318.67,35521.42
2018-09-10,652.2,653.81,644.8,640.7,21202.2,-6.17,-0.95,654.52,664.525,663.708,28667.35,32617.88,35631.42
2018-09-07,645.5,658.03,650.97,645.14,29240.06,6.97,1.08,658.802,668.775,665.423,30462.88,35299.35,36299.83
2018-09-06,652.0,659.26,644.0,640.0,42370.58,-13.79,-2.1,660.446,669.708,667.232,36411.05,34984.37,36028.71
2018-09-05,675.0,676.99,657.79,657.0,28983.42,-17.25,-2.56,667.726,672.329,669.642,34694.6,33483.04,35634.47
2018-09-04,666.8,676.0,675.04,661.6,21540.48,8.83,1.32,673.338,673.32,670.57,34378.72,32652.25,35669.57
2018-09-03,652.0,667.67,666.21,650.8,30179.84,7.02,1.06,674.53,672.965,671.138,36568.41,35723.1,36546.83
2018-08-31,676.25,677.0,659.19,656.5,58980.93,-21.21,-3.12,678.748,670.823,671.311,40135.82,37590.35,37300.24
2018-08-30,688.21,692.6,680.4,679.01,33788.33,-5.45,-0.8,678.97,668.396,672.257,33557.69,36349.72,36718.04
2018-08-29,682.0,688.88,685.85,679.1,27404.03,4.85,0.71,676.932,665.256,672.998,32271.48,38964.87,37778.7
2018-08-28,693.0,693.78,681.0,678.55,32488.9,-6.3,-0.92,673.302,662.941,674.456,30925.77,39724.17,37670.39
2018-08-27,662.0,687.3,687.3,662.0,48016.92,27.0,4.09,671.4,662.891,676.725,34877.8,38644.97,37080.12
2018-08-24,669.0,669.0,660.3,656.46,26090.26,-9.91,-1.48,662.898,662.071,678.24,35044.88,37300.32,36787.86
2018-08-23,671.7,678.5,670.21,665.18,27357.27,2.51,0.38,657.822,664.756,682.168,39141.74,37073.06,36529.02
2018-08-22,671.0,673.2,667.7,663.0,20675.51,-3.79,-0.56,653.58,666.955,685.453,45658.26,37785.9,36314.52
2018-08-21,647.0,672.3,671.49,647.0,52249.02,26.7,4.14,652.58,667.819,689.26,48522.57,38686.9,36367.94
2018-08-20,632.45,645.55,644.79,616.86,48852.34,9.93,1.56,654.382,669.31,692.96,42412.14,37370.55,35845.92
2018-08-17,657.5,657.5,634.92,630.01,46574.57,-13.52,-2.08,661.244,671.799,697.321,39555.75,37010.13,35201.8
2018-08-16,652.0,668.5,649.0,640.0,59939.85,-13.8,-2.08,671.69,676.117,702.642,35004.37,37086.37,34400.5
2018-08-15,679.8,680.0,662.7,661.0,34997.09,-17.43,-2.56,680.33,680.74,707.265,29913.55,36592.53,32307.43
2018-08-14,679.22,684.5,680.5,673.51,21696.83,1.28,0.19,683.058,685.97,711.028,28851.22,35616.61,31783.66
2018-08-13,683.0,683.0,679.1,666.68,34570.41,-8.08,-1.18,684.238,690.559,714.128,32328.97,35515.27,32089.12
2018-08-10,691.88,694.77,687.15,684.2,23817.67,-4.73,-0.68,682.354,694.408,717.901,34464.51,36275.4,31984.34
2018-08-09,671.0,694.5,692.2,670.12,34485.75,15.98,2.36,680.544,699.58,720.893,39168.38,35984.99,32238.81
2018-08-08,687.02,689.0,676.34,671.87,29685.44,-9.94,-1.45,681.15,703.95,723.158,43271.51,34843.14,32523.02
2018-08-07,672.3,687.83,686.4,662.02,39085.59,16.72,2.5,688.882,710.7,725.313,42382.0,34048.99,32252.68
2018-08-06,677.0,684.0,669.68,662.25,45248.12,-9.31,-1.37,696.88,716.61,727.277,38701.58,34321.29,31748.92
2018-08-03,695.0,695.0,678.1,676.2,47336.99,-17.74,-2.55,706.462,722.842,730.16,38086.28,33393.47,31515.15
2018-08-02,715.97,715.97,695.23,687.88,55001.43,-19.71,-2.76,718.616,729.167,731.955,32801.61,31714.62,31356.13
2018-08-01,731.4,732.3,715.0,714.11,25237.88,-11.44,-1.57,726.75,733.789,732.318,26414.77,28022.32,30962.25
2018-07-31,720.3,727.88,726.39,719.21,20683.46,7.18,1.0,732.518,736.086,731.107,25715.97,27950.71,31599.89
2018-07-30,738.9,740.66,717.59,715.0,42171.66,-20.97,-2.84,736.34,737.697,729.531,29941.0,28662.96,34707.57
2018-07-27,736.0,744.3,738.87,730.0,20913.6,3.25,0.44,739.222,741.393,729.202,28700.65,27693.28,34476.89
2018-07-26,748.9,748.9,735.9,734.23,23067.26,-7.91,-1.06,739.718,742.206,728.848,30627.63,28492.63,35077.68
2018-07-25,746.95,749.88,743.84,740.01,21743.88,-1.56,-0.21,740.828,742.366,727.602,29629.87,30202.91,36466.01
2018-07-24,732.68,747.3,745.5,723.0,41808.6,13.43,1.83,739.654,739.925,726.537,30185.44,30456.36,38243.72
2018-07-23,736.0,741.15,732.0,720.01,35969.89,-9.13,-1.23,739.054,737.944,727.012,27384.93,29176.55,38482.19
2018-07-20,741.5,743.13,741.35,728.0,30548.5,0.4,0.05,743.564,737.478,728.69,26685.92,29636.83,38330.4
2018-07-19,739.0,743.95,741.45,735.02,18078.5,4.01,0.54,744.694,734.743,729.963,26357.63,30997.64,38245.72
2018-07-18,742.43,749.69,737.97,735.0,24521.71,-4.46,-0.6,743.904,730.847,730.884,30775.94,33902.17,39300.92
2018-07-17,757.0,757.0,742.5,736.02,27806.03,-12.18,-1.61,740.196,726.127,732.163,30727.29,35249.07,40366.73
2018-07-16,752.3,764.11,754.55,751.03,32474.87,7.56,1.01,736.834,721.365,731.934,30968.17,40752.18,41986.23
2018-07-13,742.3,748.1,747.0,735.12,28907.04,9.46,1.28,731.392,717.01,732.876,32587.73,41260.5,41947.87
2018-07-12,718.0,741.17,737.5,718.0,40170.04,17.92,2.49,724.792,715.49,734.83,35637.65,41662.73,42310.5
2018-07-11,710.0,724.0,719.43,702.22,24278.45,-6.33,-0.87,717.79,712.837,737.48,37028.4,42729.12,42064.21
2018-07-10,729.0,731.5,725.69,713.33,29010.47,-1.55,-0.21,712.058,713.149,741.483,39770.86,46031.07,43614.65
2018-07-09,720.03,729.86,727.34,719.73,40572.66,13.22,1.85,705.896,716.08,743.988,50536.18,47787.82,43991.5
2018-07-06,707.0,720.93,714.0,699.26,44156.61,11.61,1.65,702.628,719.902,746.496,49933.27,47023.97,43710.79
2018-07-05,700.0,716.2,702.49,700.0,47123.8,11.58,1.68,706.188,725.182,749.846,47687.81,45493.79,43461.35
2018-07-04,692.0,700.0,690.77,688.0,37990.75,-4.15,-0.6,707.884,730.921,754.023,48429.83,44699.67,43553.63
2018-07-03,709.76,715.78,694.88,678.23,82837.1,-16.67,-2.34,714.24,738.198,758.927,52291.29,45484.4,44285.58
2018-07-02,734.52,739.33,711.0,703.0,37558.11,-20.46,-2.8,726.264,742.502,763.281,45039.46,43220.27,43834.02
2018-06-29,712.3,732.3,731.8,705.0,32929.27,20.87,2.94,737.176,748.742,764.981,44114.67,42635.23,43765.0
2018-06-28,714.0,719.0,710.97,697.0,50833.94,-11.47,-1.59,744.176,754.169,765.97,43299.78,42958.27,45711.18
2018-06-27,752.0,757.0,722.55,721.0,57298.01,-32.25,-4.27,753.958,762.122,766.705,40969.5,41399.31,45026.84
2018-06-26,765.31,769.88,755.0,747.0,46577.98,-10.56,-1.38,762.156,769.817,767.148,38677.5,41198.22,44202.95
2018-06-25,766.0,778.97,765.56,764.9,32934.16,-0.97,-0.13,758.74,771.895,766.423,41401.08,40195.18,44014.31
2018-06-22,754.0,767.0,766.8,750.0,28854.81,7.48,0.98,760.308,773.09,763.986,41155.8,40397.61,43693.18
2018-06-21,765.22,778.89,759.88,758.77,39182.55,-3.71,-0.49,764.162,774.51,761.396,42616.76,41428.9,43771.25
2018-06-20,741.0,765.0,763.54,741.0,45838.02,25.54,3.46,770.286,777.124,759.585,41829.12,42407.6,43225.56
2018-06-19,769.0,769.0,737.92,737.0,60195.87,-35.41,-4.58,777.478,779.655,758.388,43718.93,43086.76,41783.61
2018-06-15,773.2,778.58,773.4,769.1,31707.73,-1.73,-0.22,785.05,784.059,758.232,38989.27,44447.77,40226.79
2018-06-14,790.0,793.8,786.07,775.18,36159.61,-4.26,-0.54,785.872,781.219,756.516,39639.41,44894.76,40104.16
2018-06-13,800.0,802.62,790.5,788.88,35244.37,-8.69,-1.09,784.858,777.77,753.572,40241.05,48464.09,39722.08
2018-06-12,778.0,803.5,799.5,776.5,55287.08,23.77,3.06,783.962,771.288,750.758,42986.07,48654.36,39499.62
2018-06-11,776.05,786.0,775.78,768.33,36547.55,-2.17,-0.28,781.832,764.478,747.945,42454.59,47207.68,38638.06
2018-06-08,780.0,785.9,777.51,770.0,34958.46,-3.46,-0.44,783.068,760.95,746.256,49906.27,47833.45,39361.42
2018-06-07,789.98,795.55,781.0,778.9,39167.78,-4.75,-0.6,776.566,754.881,743.263,50150.11,46988.75,39570.58
2018-06-06,788.0,800.95,786.02,782.3,48969.48,-2.03,-0.26,770.682,748.281,739.93,56687.12,46113.6,39576.88
2018-06-05,786.5,794.7,788.85,777.23,52629.67,6.88,0.88,758.614,742.045,735.728,54322.65,44043.53,38744.96
2018-06-04,752.35,782.9,781.96,745.88,73805.97,36.85,4.95,747.124,737.12,731.731,51960.77,40480.45,39238.36
2018-06-01,751.13,754.98,745.0,738.76,36177.63,-6.13,-0.82,738.832,732.404,727.527,45760.62,36005.82,39827.64
2018-05-31,730.25,751.62,751.58,730.24,71852.87,25.71,3.54,733.196,731.812,723.424,43827.39,35313.57,39887.55
2018-05-30,727.22,737.3,725.68,720.05,37147.1,-5.75,-0.79,725.88,729.374,719.387,35540.08,30980.08,38111.23
2018-05-29,738.8,750.0,731.4,731.28,40820.27,-9.0,-1.22,725.476,730.228,716.454,33764.4,30344.89,39766.83
2018-05-28,718.0,740.66,740.5,715.12,42805.23,23.64,3.3,727.116,731.411,713.083,29000.14,30068.44,40621.58
2018-05-25,712.0,727.0,716.82,712.0,26511.46,1.42,0.2,725.976,731.561,709.954,26251.01,30889.39,40233.71
2018-05-24,720.0,728.66,715.0,713.0,30416.34,-8.78,-1.21,730.428,731.645,708.663,26799.75,32152.41,40170.75
2018-05-23,740.0,740.0,723.66,723.58,28268.71,-15.91,-2.15,732.868,731.578,707.407,26420.07,33040.15,41014.06
2018-05-22,735.22,739.84,739.6,730.02,16998.96,4.78,0.65,734.98,729.411,704.919,26925.37,33446.39,41233.58
2018-05-21,744.0,747.3,734.8,732.48,29059.58,-4.52,-0.61,735.706,726.341,701.439,31136.74,37996.27,42459.22
2018-05-18,723.99,741.0,739.08,721.19,29255.17,11.7,1.61,737.146,722.649,698.699,35527.76,43649.46,43216.62
2018-05-17,735.12,737.5,727.2,724.0,28517.93,-7.32,-1.0,732.862,715.036,694.545,37505.06,44461.53,44884.69
2018-05-16,740.0,745.66,734.22,733.28,30795.2,-8.84,-1.19,730.288,709.4,691.485,39660.23,45242.39,45217.43
2018-05-15,746.0,746.44,743.23,734.0,38055.8,0.82,0.11,723.842,702.679,688.869,39967.4,49188.78,45324.66
2018-05-14,724.0,743.0,742.0,724.0,51014.71,23.98,3.34,716.976,694.754,686.052,44855.81,51174.72,44799.34
2018-05-11,718.69,730.5,717.66,715.7,39141.65,3.47,0.49,708.152,688.347,683.663,51771.15,49578.04,43784.29
2018-05-10,703.5,716.0,714.33,703.5,39293.8,12.38,1.76,697.21,685.681,683.03,51417.99,48189.09,43113.36
2018-05-09,709.08,712.3,701.99,697.12,32331.06,-6.84,-0.96,688.512,683.236,682.714,50824.54,48987.97,42750.84
2018-05-08,698.03,712.13,708.9,698.03,62497.83,10.73,1.54,681.516,680.426,682.523,58410.15,49020.78,42675.94
2018-05-07,659.95,701.88,697.88,657.77,85591.43,35.01,5.28,672.532,676.537,681.779,57493.62,46922.17,42395.61
2018-05-04,670.98,674.83,662.95,660.57,37375.84,-7.93,-1.18,668.542,674.749,680.81,47384.92,42783.78,40127.82
2018-05-03,666.0,673.68,670.84,658.0,36326.53,3.01,0.45,674.152,674.054,681.668,44960.19,45307.86,39860.98
2018-05-02,660.0,668.99,667.01,645.06,70259.11,4.48,0.68,677.96,673.57,682.305,47151.4,45192.48,39871.67
2018-04-27,685.25,688.36,663.98,655.0,57915.21,-14.25,-2.1,679.336,675.058,683.429,39631.42,41460.54,40312.81
2018-04-26,692.0,692.28,677.93,673.0,35047.9,-13.04,-1.89,680.542,677.35,684.335,36350.71,38423.97,43094.04
2018-04-25,689.0,692.0,691.0,683.02,25252.22,1.12,0.16,680.956,678.978,686.167,38182.65,37990.54,43719.06
2018-04-24,676.0,693.5,689.88,675.0,47282.56,15.87,2.35,673.956,680.378,687.317,45655.52,38037.64,44769.26
2018-04-23,666.01,680.33,673.89,666.01,32659.2,3.63,0.54,669.18,682.191,688.375,43233.56,36513.7,45032.47
2018-04-20,681.0,694.0,670.01,668.23,41511.68,-9.95,-1.46,670.78,684.62,691.005,43289.66,36331.09,45273.86
2018-04-19,659.85,680.0,680.0,656.66,44207.57,24.36,3.71,674.158,687.021,694.615,40497.22,37869.05,44535.41
2018-04-18,671.0,671.0,656.0,645.0,62616.6,-10.2,-1.53,677.0,686.871,697.99,37798.43,37471.85,43768.89
2018-04-17,685.0,685.38,666.0,665.6,35172.76,-15.38,-2.26,686.8,689.281,702.855,30419.75,34414.1,42571.39
2018-04-16,680.58,686.85,681.89,677.0,32939.67,-4.97,-0.72,695.202,691.039,706.555,29793.85,34550.85,42605.53
2018-04-13,698.5,701.0,686.9,685.08,27549.52,-7.3,-1.05,698.46,691.8,709.785,29372.52,39165.08,43765.98
2018-04-12,704.0,706.88,694.21,692.22,30713.61,-11.15,-1.58,699.884,691.32,711.783,35240.88,47764.1,44256.29
2018-04-11,710.0,714.78,705.0,703.02,25723.18,-3.02,-0.43,696.742,693.355,712.572,37145.27,49447.59,44649.47
2018-04-10,704.8,708.5,708.01,698.46,32043.25,9.71,1.39,691.762,694.255,713.518,38408.45,51500.88,45357.73
2018-04-09,697.1,705.43,698.18,690.15,30833.05,4.17,0.6,686.876,694.558,714.537,39307.86,53551.23,45264.12
2018-04-04,682.0,700.43,694.02,680.38,56891.31,16.11,2.38,685.14,697.39,715.778,48957.64,54216.62,45489.93
2018-04-03,678.0,687.0,678.5,675.39,40235.58,-1.56,-0.23,682.756,702.208,716.574,60287.32,51201.76,44375.16
2018-04-02,680.0,691.0,680.1,674.11,32039.08,-3.52,-0.52,689.968,709.108,718.549,61749.9,50065.92,45591.9
2018-03-30,686.0,693.5,683.58,679.88,36540.28,-5.52,-0.8,696.748,716.428,720.556,64593.3,50728.67,45851.68
2018-03-29,682.2,697.85,689.5,658.41,79081.96,7.45,1.09,702.24,722.07,723.182,67794.6,50660.2,45324.26
2018-03-28,699.97,703.0,682.1,669.0,113539.72,-32.64,-4.57,709.64,727.77,725.806,59475.6,48366.88,43609.9
2018-03-27,723.0,725.88,714.56,704.0,47548.44,1.07,0.15,721.66,732.245,727.968,42116.2,40748.49,40349.44
2018-03-26,708.0,715.06,714.0,701.88,46256.11,2.94,0.41,728.248,731.789,729.13,38381.95,39851.35,40102.1
2018-03-23,701.0,723.49,711.04,700.08,52546.77,-15.04,-2.07,736.108,732.78,730.63,36864.05,39214.58,39972.21
2018-03-22,744.0,748.0,726.5,724.01,37486.97,-15.5,-2.09,741.9,734.516,732.203,33525.8,36977.0,39252.81
2018-03-21,750.11,753.11,742.2,740.0,26742.71,-5.53,-0.74,745.9,734.165,732.998,37258.16,36763.24,39916.69
2018-03-20,750.0,752.0,747.5,740.0,28877.2,-5.98,-0.79,742.83,730.94,731.838,39380.77,37548.56,40112.19
2018-03-19,743.97,753.99,753.3,739.0,38666.58,13.45,1.82,735.33,727.99,730.063,41320.75,41117.88,41337.78
2018-03-16,747.6,753.98,740.0,738.88,35855.52,-6.47,-0.87,729.452,724.683,727.298,41565.11,40974.69,42613.43
2018-03-15,728.02,747.0,746.5,728.02,56148.79,19.62,2.7,727.132,724.293,724.448,40428.21,39988.33,46099.57
2018-03-14,709.67,728.08,726.85,707.22,37355.76,16.5,2.32,722.43,723.842,722.161,36268.31,38852.91,47462.6
2018-03-13,723.0,726.6,710.0,710.0,38577.09,-13.95,-1.93,719.05,723.69,719.999,35716.35,39950.4,50009.31
2018-03-12,729.55,733.92,723.91,722.77,39888.41,-4.29,-0.59,720.65,726.47,719.906,40915.0,40352.85,52488.89
2018-03-09,727.55,732.57,728.4,723.5,30171.0,5.64,0.78,719.914,728.48,719.628,40384.26,40729.83,55444.27
2018-03-08,714.0,724.0,722.99,708.0,35349.3,12.95,1.82,721.454,729.89,720.253,39548.44,41528.61,57706.76
2018-03-07,715.0,724.0,709.95,708.99,34595.94,-8.31,-1.16,725.254,731.831,721.972,41437.51,43070.15,58468.42
2018-03-06,725.0,727.6,718.0,697.13,64570.36,-2.11,-0.29,728.33,732.736,724.709,44184.46,42675.81,59758.75
2018-03-05,738.18,742.0,720.23,717.03,37234.7,-16.18,-2.2,732.29,732.135,725.91,39790.69,41557.69,59125.78
2018-03-02,738.0,743.56,736.1,730.0,25991.9,-5.87,-0.79,737.046,729.912,726.719,41075.4,44252.18,60990.82
2018-03-01,728.0,746.85,741.99,723.77,44794.65,16.37,2.26,738.326,724.602,728.78,43508.77,52210.82,61890.14
2018-02-28,732.0,742.3,725.33,719.0,48330.67,-12.65,-1.71,738.408,720.48,730.125,44702.78,56072.29,62152.45
2018-02-27,749.0,756.0,737.8,737.22,42601.54,-5.71,-0.77,737.142,716.307,732.102,41167.17,60068.22,61900.85
2018-02-26,746.88,752.05,744.01,733.02,43658.24,1.53,0.21,731.98,713.342,733.902,43324.7,64624.94,62248.23
2018-02-23,747.0,756.56,742.5,737.0,38158.77,0.05,0.01,722.778,710.776,735.395,47428.96,70158.7,63421.66
2018-02-22,727.3,744.0,742.4,723.24,50764.69,23.95,3.33,710.878,710.616,735.786,60912.86,73884.91,64060.0
2018-02-14,720.0,720.0,719.0,712.22,30652.6,7.02,0.99,702.552,712.112,736.217,67441.8,73866.7,64470.69
2018-02-13,705.02,714.82,711.99,704.5,53389.18,14.51,2.08,695.472,716.682,737.653,78969.28,76841.68,67473.54
2018-02-12,691.0,705.5,698.0,685.2,64179.55,14.57,2.13,694.704,719.685,740.728,85925.19,76693.87,68075.49
2018-02-09,680.0,689.89,683.0,658.0,105578.26,-17.99,-2.57,698.774,723.525,745.101,92888.45,77729.46,67490.17
2018-02-08,682.2,718.0,700.77,682.2,83409.43,17.34,2.54,710.354,732.958,750.361,86856.96,71569.47,64510.67
2018-02-07,720.0,723.88,683.6,682.01,88289.98,-25.26,-3.56,721.672,739.769,754.071,80291.59,68232.6,62873.0
2018-02-06,703.0,722.6,708.15,703.0,88168.71,-10.08,-1.4,737.892,747.897,759.171,74714.08,63733.48,60844.22
2018-02-05,727.22,729.96,718.35,705.6,98995.85,-22.05,-2.98,744.666,754.462,762.863,67462.54,59871.53,59665.38
2018-02-02,752.22,753.23,740.9,725.0,75420.82,-16.83,-2.22,748.276,760.014,764.547,62570.48,56684.62,57325.82
2018-02-01,767.0,767.3,757.36,752.92,50582.61,-7.18,-0.94,755.562,760.956,764.427,56281.98,54235.09,55554.23
2018-01-31,739.0,771.71,764.7,739.0,60402.41,22.62,3.05,757.866,760.322,763.41,56173.6,55074.68,56635.35
2018-01-30,736.0,748.77,742.02,730.02,51911.03,5.7,0.77,757.902,758.623,760.96,52752.88,58105.39,56216.2
2018-01-29,778.76,779.67,736.4,735.0,74535.51,-40.82,-5.25,764.258,761.771,759.059,52280.51,59457.12,56101.27
2018-01-26,767.24,777.4,777.33,764.0,43978.33,8.17,1.06,771.752,766.676,757.064,50798.76,57250.89,56176.44
2018-01-25,761.0,776.0,768.88,751.0,50040.72,4.42,0.58,766.35,767.764,754.127,52188.2,57451.88,60184.58
2018-01-24,776.44,776.46,764.88,758.6,43298.81,-8.9,-1.15,762.778,768.372,748.897,53975.76,57513.41,59568.65
2018-01-23,777.81,780.0,773.8,768.6,49549.18,0.16,0.02,759.344,770.444,744.683,63457.91,57954.96,58997.09
2018-01-22,751.81,774.0,773.87,751.81,67126.75,23.69,3.16,759.284,771.264,740.398,66633.74,59459.23,58330.34
2018-01-19,752.9,758.9,750.32,739.02,50925.56,-0.42,-0.06,761.6,769.079,735.854,63703.01,57967.01,56389.86
2018-01-18,747.93,765.0,751.02,744.09,58978.51,3.09,0.41,769.178,767.897,732.433,62715.55,56873.36,56177.6
2018-01-17,770.0,774.0,747.71,738.51,90709.54,-25.23,-3.26,773.966,766.497,729.131,61051.06,58196.02,56408.74
2018-01-16,780.48,788.61,773.5,768.0,65428.33,-11.87,-1.51,781.544,763.296,725.11,52452.0,54327.01,54076.87
2018-01-15,793.46,799.06,785.45,779.02,52473.13,-2.97,-0.38,783.244,756.346,719.729,52284.73,52745.42,52763.57
2018-01-12,773.77,788.8,788.21,767.02,45988.24,13.4,1.73,776.558,747.452,713.137,52231.01,55102.0,51752.71
2018-01-11,787.0,788.0,774.96,772.0,50656.07,-10.75,-1.37,766.616,740.489,706.96,51031.18,62917.28,51051.69
2018-01-10,785.0,788.88,785.6,773.48,47714.24,3.08,0.39,759.028,729.422,701.622,55340.98,61623.88,50944.01
2018-01-09,752.21,783.0,782.0,752.21,64591.95,29.87,3.97,745.048,718.922,694.901,56202.01,60039.22,50952.77
2018-01-08,735.02,756.5,752.02,735.02,52204.56,13.66,1.85,729.448,709.532,688.351,53206.12,57201.45,51365.63
2018-01-05,741.0,746.03,738.5,728.22,39989.07,1.43,0.19,718.346,702.628,682.108,57972.98,54812.7,51030.57
2018-01-04,721.4,743.5,737.02,719.33,72205.08,21.16,2.96,714.362,696.968,676.018,74803.38,55481.83,51582.75
2018-01-03,701.5,721.4,715.7,699.74,52019.41,11.85,1.68,699.816,691.764,670.434,67906.78,54621.45,50881.2
2018-01-02,700.0,710.16,704.0,689.89,49612.48,6.51,0.93,692.796,686.924,666.297,63876.43,53826.73,50653.52
2017-12-29,718.0,726.5,696.51,691.6,76038.87,-22.18,-3.09,689.616,683.112,662.994,61196.79,52781.71,50886.28
2017-12-28,687.0,719.9,718.58,671.32,124141.07,54.4,8.19,686.91,678.821,659.303,51652.41,48403.42,49443.97
2017-12-27,684.86,684.86,664.29,662.5,37722.05,-16.52,-2.43,679.574,673.431,654.924,36160.28,39186.11,45137.9
2017-12-26,688.18,692.99,680.6,676.5,31867.66,-7.52,-1.09,683.712,673.822,653.619,41336.13,40264.15,45589.98
2017-12-25,686.0,696.3,688.1,683.72,36214.28,5.18,0.76,681.052,670.88,652.0,43777.04,41866.32,47511.19
2017-12-22,680.0,685.9,682.98,677.01,28317.01,1.24,0.18,676.608,667.17,648.696,44366.64,45529.8,48877.9
2017-12-21,683.0,687.42,681.9,675.5,46680.38,-3.01,-0.44,670.732,661.588,646.047,45154.43,47248.44,51289.15
2017-12-20,669.9,686.86,684.98,664.03,63601.31,17.89,2.68,667.288,655.067,643.627,42211.94,47683.67,54435.08
2017-12-19,663.0,672.44,667.3,661.0,44072.21,1.53,0.23,663.932,649.104,641.921,39192.17,47140.94,57679.93
2017-12-18,660.0,669.8,665.88,658.58,39162.28,12.09,1.85,660.708,645.669,642.406,39955.59,47480.3,60277.15
2017-12-15,664.0,667.95,653.6,650.78,32255.95,-10.95,-1.65,657.732,642.876,643.076,46692.97,48990.84,62734.32
2017-12-14,669.98,671.3,664.68,660.5,31967.94,-3.53,-0.53,652.444,639.784,644.906,49342.46,50484.52,67314.59
2017-12-13,654.99,670.0,668.2,650.72,48502.48,16.88,2.59,642.846,636.416,647.612,53155.39,51089.69,68752.01
2017-12-12,658.7,658.77,651.18,651.02,47889.31,0.19,0.03,634.276,633.416,648.601,55089.72,50915.81,68578.7
2017-12-11,631.0,651.95,651.0,631.0,72849.17,23.72,3.78,630.63,633.119,649.985,55005.01,53156.07,68502.57
2017-12-08,615.42,628.85,627.16,615.42,45503.39,10.47,1.7,628.02,630.222,651.83,51288.71,52225.99,67353.6
2017-12-07,624.95,624.99,616.69,615.26,51032.62,-8.32,-1.33,627.124,630.506,654.372,51626.58,55329.85,68782.36
2017-12-06,631.5,644.1,625.35,620.0,58174.09,-7.61,-1.2,629.986,632.186,656.052,49023.98,61186.5,67912.79
2017-12-05,634.0,647.4,632.95,630.13,47465.76,-4.84,-0.76,632.556,634.738,657.304,46741.91,68218.92,67201.68
2017-12-04,623.95,644.1,637.95,616.72,54267.71,15.6,2.51,635.608,639.143,657.76,51307.12,73073.99,67606.64
2017-12-01,638.01,638.99,622.68,620.13,47192.74,-8.32,-1.32,632.424,643.275,658.515,53163.27,76477.8,67318.95
2017-11-30,635.51,648.48,631.0,626.0,38019.62,-7.12,-1.12,633.888,650.027,659.34,59033.11,84144.65,67368.76
2017-11-29,649.94,651.97,638.2,634.01,46763.72,-10.03,-1.55,634.386,658.807,659.136,73349.02,86414.32,67180.27
2017-11-28,625.06,648.88,648.21,624.0,70291.83,26.92,4.33,636.92,663.785,658.376,89695.92,86241.58,67013.84
2017-11-27,634.0,636.33,622.03,613.01,63548.46,-8.01,-1.27,642.678,666.851,656.867,94840.86,83849.07,66093.03
2017-11-24,635.9,642.5,630.0,622.23,76541.94,-3.73,-0.59,654.126,673.437,656.87,99792.33,82481.21,66966.0
2017-11-23,642.0,646.0,633.49,630.22,109599.13,-17.03,-2.62,666.166,678.237,657.851,109256.19,82234.88,67358.1
2017-11-22,677.0,688.0,650.87,650.0,128498.26,-26.38,-3.9,683.228,679.918,656.431,99479.63,74639.08,67649.89
2017-11-21,669.0,688.8,677.0,662.02,96016.51,-2.15,-0.32,690.65,679.869,652.171,82787.24,66184.44,62478.78
2017-11-20,676.8,685.6,679.27,660.0,88305.82,-10.98,-1.59,691.024,676.376,646.688,72857.28,62139.28,59241.66
2017-11-17,696.0,709.0,690.2,677.77,123861.24,-28.91,-4.02,692.748,673.755,641.395,65170.09,58160.09,56014.96
2017-11-16,686.01,719.96,718.8,686.01,60716.32,30.72,4.46,690.308,668.652,635.601,55213.56,50592.87,51398.62
2017-11-15,678.75,689.99,687.98,674.0,45036.33,9.23,1.36,676.608,659.464,628.791,49798.52,47946.21,50395.74
2017-11-14,687.14,687.22,678.87,677.35,46366.71,-9.01,-1.31,669.088,652.967,622.428,49581.64,47786.1,49102.86
2017-11-13,680.0,692.78,687.89,675.8,49869.84,9.94,1.47,661.728,646.883,616.321,51421.27,48337.0,47833.38
2017-11-10,650.43,683.4,678.0,650.43,74078.6,27.93,4.3,654.762,640.302,609.961,51150.1,51450.8,46835.34
2017-11-09,648.0,654.15,650.3,644.61,33641.13,-0.08,-0.01,646.996,637.465,603.869,45972.17,52481.32,44524.33
2017-11-08,642.33,654.5,650.38,642.33,43951.94,8.31,1.29,642.32,632.944,598.558,46093.89,60660.7,43824.58
2017-11-07,650.58,657.15,642.07,638.18,55564.85,-10.99,-1.68,636.846,624.473,593.316,45990.56,58773.11,43297.31
2017-11-06,641.5,657.62,653.06,640.2,48513.98,13.89,2.17,632.038,616.999,588.216,45252.72,56344.05,42069.39
2017-11-03,628.65,643.44,639.17,628.65,48188.97,12.25,1.95,625.842,609.034,581.951,51751.5,53869.84,41388.25
2017-11-02,626.95,629.78,626.92,621.0,34249.73,3.91,0.63,627.934,602.55,575.875,58990.46,52204.37,40100.62
2017-11-01,620.88,631.54,623.01,619.22,43435.25,4.98,0.81,623.568,598.118,570.452,75227.51,52845.28,39686.62
2017-10-31,622.01,627.6,618.03,611.88,51875.68,-4.05,-0.65,612.1,591.889,564.712,71555.66,50419.62,38348.42
2017-10-30,643.05,644.0,622.08,621.0,81007.86,-27.55,-4.24,601.96,585.759,559.275,67435.38,47329.76,37028.16
2017-10-27,602.11,655.0,649.63,600.03,84383.79,44.54,7.36,592.226,579.62,553.533,55988.17,42219.88,34612.64
2017-10-26,605.0,613.0,605.09,591.91,115434.97,39.42,6.97,577.166,570.272,546.048,45418.28,36567.34,31210.63
2017-10-25,569.75,571.68,565.67,562.06,25076.0,-1.66,-0.29,572.668,564.172,540.732,30463.05,26988.47,26409.01
2017-10-24,572.0,573.8,567.33,563.61,31274.28,-6.08,-1.06,571.678,562.159,537.258,29283.58,27821.51,26021.12
2017-10-23,574.92,580.5,573.41,568.0,23771.82,-0.92,-0.16,569.558,559.432,533.739,27224.15,27794.73,25610.15
2017-10-20,581.0,581.0,574.33,571.76,31534.33,-8.27,-1.42,567.014,554.868,530.017,28451.59,28906.67,26531.9
2017-10-19,561.0,585.15,582.6,560.72,40658.82,21.88,3.9,563.378,549.199,525.793,27716.4,27996.86,25757.15
2017-10-18,554.2,562.59,560.72,554.2,19178.65,3.99,0.72,555.676,542.785,521.198,23513.88,26527.97,24694.19
2017-10-17,560.97,560.97,556.73,554.0,20977.12,-3.96,-0.71,552.64,537.534,517.744,26359.44,26277.21,25389.04
2017-10-16,559.99,566.66,560.69,555.87,29909.01,4.54,0.82,549.306,532.79,514.153,28365.3,26726.55,26057.27
2017-10-13,545.0,556.6,556.15,542.01,27858.42,12.06,2.22,542.722,527.445,510.034,29361.76,27005.4,26830.54
2017-10-12,545.0,547.5,544.09,540.18,19646.22,-1.45,-0.27,535.02,521.823,505.945,28277.32,25853.91,27496.28
2017-10-11,538.1,551.25,545.54,538.1,33406.43,5.48,1.01,529.894,517.291,502.804,29542.05,25829.56,28179.97
2017-10-10,527.05,540.49,540.06,527.01,31006.44,12.29,2.33,522.428,512.357,499.776,26194.98,24220.73,28159.98
2017-10-09,524.54,535.55,527.77,520.1,34891.29,10.13,1.96,516.274,508.046,497.273,25087.79,23425.57,27740.76
2017-09-29,516.0,525.88,517.64,515.5,22436.22,-0.82,-0.16,512.168,505.166,495.505,24649.05,24157.12,26942.78
2017-09-28,507.2,520.2,518.46,507.15,25969.85,10.25,2.02,508.626,502.386,494.382,23430.51,23517.45,27393.52
2017-09-27,508.92,511.03,508.21,506.07,16671.11,-1.08,-0.21,504.688,499.611,493.017,22117.07,22860.41,27031.87
2017-09-26,506.69,510.0,509.29,503.6,25470.49,2.05,0.4,502.286,497.953,492.255,22246.48,24500.87,27123.5
2017-09-25,500.31,508.2,507.24,500.3,32697.56,7.31,1.46,499.818,495.515,491.262,21763.35,25387.98,27108.8
2017-09-22,496.9,500.18,499.93,495.8,16343.53,1.16,0.23,498.164,492.623,490.502,23665.2,26655.67,26924.98
2017-09-21,495.94,500.58,498.77,492.88,19402.68,2.57,0.52,496.146,490.067,490.155,23604.38,29138.64,26972.7
2017-09-20,496.9,500.02,496.2,496.0,17318.16,-0.75,-0.15,494.534,488.317,489.857,23603.75,30530.39,26910.4
2017-09-19,500.3,502.5,496.95,496.01,23054.81,-2.02,-0.41,493.62,487.195,489.748,26755.25,32099.22,27405.24
2017-09-18,490.14,500.5,498.97,490.14,42206.81,9.13,1.86,491.212,486.499,489.261,29012.62,32055.96,28375.35
2017-09-15,492.5,492.5,489.84,488.0,16039.46,-0.87,-0.18,487.082,485.844,488.799,29646.14,29728.44,27442.34
2017-09-14,492.99,494.03,490.71,488.99,19399.49,-0.92,-0.19,483.988,486.378,488.79,34672.9,31269.59,27833.26
2017-09-13,485.0,492.2,491.63,481.38,33075.7,6.72,1.39,482.1,486.422,488.889,37457.03,31203.33,28155.62
2017-09-12,479.5,486.0,484.91,478.4,34341.63,6.59,1.38,480.77,486.556,489.132,37443.19,29746.12,27431.2
2017-09-11,471.09,482.22,478.32,469.98,45374.4,3.95,0.83,481.786,487.009,489.685,35099.3,28829.62,27072.28
2017-09-08,478.25,480.5,474.37,474.0,41173.27,-6.9,-1.43,484.606,488.381,490.76,29810.74,27194.29,26770.13
2017-09-07,485.31,486.9,481.27,480.06,33320.16,-3.71,-0.77,488.768,490.243,491.245,27866.29,24806.75,26540.09
2017-09-06,490.0,492.77,484.98,484.84,33006.5,-5.01,-1.02,490.744,491.397,491.763,24949.63,23290.41,26642.31
2017-09-05,492.88,493.99,489.99,489.5,22622.15,-2.43,-0.49,492.342,492.3,492.056,22049.05,22711.26,27081.7
2017-09-04,495.18,496.66,492.42,491.27,18931.62,-2.76,-0.56,492.232,492.023,491.686,22559.95,24694.75,26753.18
2017-09-01,490.2,496.28,495.18,490.03,31451.0,4.03,0.82,492.156,491.754,491.143,24577.84,25156.25,26961.56
2017-08-31,494.04,494.88,491.15,489.8,18736.86,-1.82,-0.37,491.718,491.201,490.066,21747.21,24396.92,26323.07
2017-08-30,489.7,493.75,492.97,489.16,18503.64,3.53,0.72,492.05,491.355,489.369,21631.2,25107.91,26974.65
2017-08-29,493.02,494.88,489.44,488.01,25176.62,-2.6,-0.53,492.258,491.707,488.863,23373.47,25116.27,27388.18
2017-08-28,493.0,497.29,492.04,491.03,29021.07,-0.95,-0.19,491.814,492.36,488.403,26829.55,25314.93,27504.42
2017-08-25,493.45,494.25,492.99,489.32,17297.88,0.18,0.04,491.352,493.139,487.862,25734.66,26345.97,27973.98
2017-08-24,493.99,496.4,492.81,492.02,18156.78,-1.2,-0.24,490.684,492.246,487.408,27046.63,28273.44,29440.02
2017-08-23,485.45,494.63,494.01,484.32,27214.99,6.79,1.39,490.66,492.128,486.461,28584.62,29994.2,29511.93
2017-08-22,487.4,489.48,487.22,476.0,42457.03,-2.51,-0.51,491.156,491.812,485.342,26859.07,31452.15,29724.69
2017-08-21,488.0,494.4,489.73,486.94,23546.62,0.08,0.02,492.906,491.348,484.879,23800.31,28811.6,28698.34
2017-08-18,492.8,494.44,489.65,488.0,23857.75,-3.04,-0.62,494.926,490.531,484.283,26957.28,28766.88,29656.83
2017-08-17,497.6,497.6,492.69,489.8,25846.73,-3.8,-0.77,493.808,488.93,483.46,29500.24,28249.22,30803.56
2017-08-16,498.0,498.8,496.49,493.0,18587.22,0.52,0.1,493.596,487.383,482.149,31403.77,28841.38,31842.97
2017-08-15,500.11,501.1,495.97,495.01,27163.22,-3.86,-0.77,492.468,486.018,480.168,36045.22,29660.08,33726.61
2017-08-14,485.21,500.1,499.83,485.21,39331.47,15.77,3.26,489.79,484.445,477.997,33822.89,29693.91,33902.67
2017-08-11,489.0,496.55,484.06,483.48,36572.57,-7.57,-1.54,486.136,482.584,475.509,30576.47,29601.98,33699.28
2017-08-10,491.09,499.6,491.63,489.0,35364.38,0.78,0.16,484.052,482.57,474.126,26998.19,30606.6,32756.98
2017-08-09,484.84,492.98,490.85,482.03,41794.47,8.27,1.71,481.17,480.794,472.353,26278.99,29029.67,32286.33
2017-08-08,482.0,484.22,482.58,479.5,16051.58,1.02,0.21,479.568,478.872,470.684,23274.94,27997.24,31644.14
2017-08-07,472.5,482.4,481.56,471.13,23099.37,7.92,1.67,479.1,478.41,469.711,25564.93,28585.08,33071.65
2017-08-04,477.0,478.98,473.64,472.6,18681.14,-3.58,-0.75,479.032,478.034,468.357,28627.49,30546.79,33747.89
2017-08-03,483.68,486.85,477.22,475.63,31768.39,-5.62,-1.16,481.088,477.99,466.973,34215.02,33357.91,34703.66
2017-08-02,480.04,484.88,482.84,478.51,26774.22,2.6,0.54,480.418,476.915,465.911,31780.35,34844.56,35217.46
2017-08-01,481.0,483.0,480.24,477.4,27501.54,-0.98,-0.2,478.176,474.317,464.776,32719.54,37793.13,35755.76
2017-07-31,484.0,487.96,481.22,481.0,38412.18,-2.7,-0.56,477.72,471.548,463.36,31605.23,38111.43,37205.13
2017-07-28,471.0,484.07,483.92,467.71,46618.77,10.05,2.12,477.036,468.433,462.317,32466.08,37796.58,37765.95
2017-07-27,471.63,475.85,473.87,471.1,19595.03,2.24,0.47,474.892,465.682,461.714,32500.81,34907.36,36556.37
2017-07-26,478.05,481.63,471.63,466.56,31470.18,-6.33,-1.32,473.412,463.911,461.671,37908.78,35542.99,37331.25
2017-07-25,482.2,482.8,477.96,476.1,21929.99,0.16,0.03,470.458,462.495,461.854,42866.73,35291.05,37644.18
2017-07-24,474.88,485.35,477.8,474.88,42716.43,4.6,0.97,465.376,461.012,462.161,44617.63,37558.23,37946.72
2017-07-21,466.96,475.01,473.2,463.66,46792.41,6.73,1.44,459.83,458.679,462.505,43127.08,36948.99,38457.53
2017-07-20,455.86,466.89,466.47,455.86,46634.87,9.61,2.1,456.472,455.956,462.482,37313.91,36049.4,37683.09
2017-07-19,454.0,463.62,456.86,452.8,56259.94,4.31,0.95,454.41,454.907,462.796,33177.21,35590.35,37263.46
2017-07-18,451.99,453.99,452.55,448.0,30684.49,2.48,0.55,454.532,455.234,463.588,27715.36,33718.39,36552.39
2017-07-17,457.04,458.04,450.07,446.28,35263.68,-6.34,-1.39,456.648,455.171,464.276,30498.83,36298.84,36743.44
2017-07-14,456.25,458.76,456.41,453.05,17726.57,0.25,0.06,457.528,456.201,465.281,30770.91,37735.32,36907.09
2017-07-13,455.35,461.91,456.16,453.68,25951.35,-1.31,-0.29,455.44,457.745,465.592,34784.89,38205.38,37687.35
2017-07-12,465.8,465.99,457.47,455.0,28950.72,-5.66,-1.22,455.404,459.43,465.999,38003.5,39119.52,38899.92
2017-07-11,454.5,464.58,463.13,454.0,44601.82,8.66,1.91,455.936,461.213,466.845,39721.42,39997.32,39140.82
2017-07-10,446.88,454.9,454.47,442.97,36624.09,8.5,1.91,453.694,463.31,467.34,42098.84,38335.22,38122.63
2017-07-07,451.05,451.1,445.97,441.2,37796.47,-3.22,-0.72,454.874,466.331,468.261,44699.73,39966.06,38046.88
2017-07-06,458.11,460.2,455.98,450.6,42044.39,-4.15,-0.9,460.05,469.007,469.249,41625.87,39316.78,37728.59
2017-07-05,453.01,460.33,460.13,453.01,37540.32,8.21,1.82,463.456,470.684,469.666,40235.54,38936.57,37073.93
2017-07-04,458.96,460.0,451.92,449.0,56488.95,-8.45,-1.83,466.49,471.942,469.628,40273.22,39386.4,37138.63
2017-07-03,474.2,474.2,460.37,457.9,49628.53,-11.48,-2.43,472.926,473.38,469.473,34571.59,37188.04,35334.3
2017-06-30,471.51,474.16,471.85,467.8,22427.17,-1.16,-0.24,477.788,474.36,468.675,35232.4,36078.86,33814.94
2017-06-29,476.3,477.35,473.01,470.0,35092.72,-2.29,-0.48,477.964,473.438,467.448,37007.69,37169.32,33782.84
2017-06-28,484.09,484.09,475.3,473.0,37728.74,-8.8,-1.82,477.912,472.567,466.261,37637.61,38680.33,34058.44
2017-06-27,482.82,485.0,484.1,480.85,27980.78,-0.58,-0.12,477.394,472.476,464.643,38499.57,38284.32,34387.62
2017-06-26,473.01,485.0,484.68,472.0,52932.57,11.95,2.53,473.834,471.37,463.034,39804.49,37910.04,34357.91
2017-06-23,472.86,474.88,472.73,468.33,31303.62,-0.02,-0.0,470.932,470.19,461.33,36925.31,36127.69,33156.21
2017-06-22,473.02,477.93,472.75,471.2,38242.34,0.04,0.01,468.912,469.491,460.21,37330.95,36140.41,33602.33
2017-06-21,469.55,473.0,472.71,466.03,42038.54,6.41,1.38,467.222,468.647,459.282,39723.04,35211.29,34112.94
2017-06-20,473.0,474.88,466.3,465.66,34505.39,-3.87,-0.82,467.558,467.313,457.736,38069.06,34890.86,33777.08
2017-06-19,461.96,470.39,470.17,461.96,38536.68,7.54,1.63,468.906,465.565,456.462,36015.58,33480.57,33967.36
2017-06-16,461.5,467.49,462.63,461.26,33331.8,-1.67,-0.36,469.448,462.989,454.43,35330.07,31551.02,33255.56
2017-06-15,475.0,475.48,464.3,464.0,50202.8,-10.09,-2.13,470.07,461.457,452.629,34949.87,30396.36,32964.73
2017-06-14,472.79,477.5,474.39,470.48,33768.63,1.35,0.28,470.072,459.955,450.92,30699.53,29436.56,32962.84
2017-06-13,473.05,474.5,473.04,467.0,24237.98,0.16,0.03,467.068,456.81,448.178,31712.66,30490.92,32946.77
2017-06-12,467.0,475.44,472.88,465.0,35109.16,7.14,1.53,462.224,454.698,445.199,30945.55,30805.79,32851.74
2017-06-09,464.24,470.8,465.74,463.0,31430.76,1.43,0.31,456.53,452.47,442.163,27771.96,30184.72,32619.67
2017-06-08,461.32,464.4,464.31,458.5,28951.11,4.94,1.07,452.844,450.928,439.381,25842.86,31064.26,32350.1
2017-06-07,449.12,460.0,459.37,449.12,38834.3,10.55,2.35,449.838,449.917,436.603,28173.6,33014.59,33542.64
2017-06-06,444.97,449.0,448.82,444.2,20402.44,4.41,0.99,446.552,448.158,433.909,29269.19,32663.31,33637.01
2017-06-05,448.04,449.0,444.41,442.35,19241.2,-2.9,-0.65,447.172,447.358,432.277,30666.03,34454.14,34488.74
2017-06-02,450.0,450.95,447.31,445.6,21785.26,-1.97,-0.44,448.41,445.871,430.857,32597.47,34960.1,34862.14
2017-06-01,442.5,449.95,449.28,441.01,40604.78,6.34,1.43,449.012,443.8,429.372,36285.65,35533.1,34786.27
2017-05-31,450.0,450.5,442.94,440.11,44312.25,-8.98,-1.99,449.996,441.884,427.512,37855.58,36489.11,33920.62
2017-05-26,450.82,455.6,451.92,448.0,27386.64,1.32,0.29,449.764,439.545,426.039,36057.42,35402.62,34180.3
2017-05-25,448.71,452.96,450.6,447.5,28898.42,0.28,0.06,447.544,435.7,424.515,38242.26,34897.7,34223.0
2017-05-24,452.9,456.48,450.32,446.0,40226.18,-3.88,-0.85,443.332,431.856,422.883,37322.74,35054.62,35609.29
2017-05-23,442.25,454.47,454.2,442.25,48454.39,12.42,2.81,438.588,427.833,421.311,34780.54,33635.94,37407.61
2017-05-22,439.04,446.01,441.78,436.2,35321.49,0.96,0.22,433.772,423.289,418.529,35122.65,34070.69,37486.79
2017-05-19,429.57,441.8,440.82,429.57,38310.83,11.28,2.63,429.326,419.659,416.466,34747.82,34610.71,38187.36
2017-05-18,425.05,430.7,429.54,425.01,24300.8,2.94,0.69,423.856,417.196,415.191,31553.14,34523.34,38794.71
2017-05-17,429.0,430.19,426.6,424.88,27515.21,-3.52,-0.82,420.38,415.842,414.001,32786.5,34764.17,39457.17
2017-05-16,419.6,431.22,430.12,418.26,50164.9,10.57,2.52,417.078,414.943,412.903,32491.34,34039.44,40560.46
2017-05-15,413.12,420.35,419.55,413.12,33447.35,6.08,1.47,412.806,413.139,411.187,33018.74,31352.12,39491.9
2017-05-12,413.59,415.3,413.47,410.01,22337.42,1.31,0.32,409.992,412.532,409.982,34473.6,32957.97,39001.86
2017-05-11,408.4,414.7,412.16,406.51,30467.64,2.07,0.51,410.536,413.329,409.228,37493.54,33548.3,40167.41
2017-05-10,408.4,414.44,410.09,407.02,26039.38,1.33,0.33,411.304,413.909,408.131,36741.84,36163.95,39994.17
2017-05-09,404.44,409.88,408.76,398.0,52801.92,3.28,0.81,412.808,414.789,406.891,35587.55,41179.28,40868.74
2017-05-08,416.18,417.0,405.48,404.72,40721.65,-10.71,-2.57,413.472,413.768,405.913,29685.5,40902.89,39672.12
2017-05-05,416.2,422.78,416.19,415.1,37437.11,0.19,0.05,415.072,413.273,405.283,31442.34,41764.02,38840.9
2017-05-04,414.63,418.48,416.0,414.63,26709.15,-1.61,-0.39,416.122,413.185,404.069,29603.06,43066.07,38411.9
2017-05-03,411.0,417.66,417.61,411.0,20267.91,5.53,1.34,416.514,412.159,402.752,35586.06,44150.17,39115.94
2017-05-02,411.6,415.0,412.08,409.18,23291.68,-1.4,-0.34,416.77,410.863,401.189,46771.02,47081.48,39326.26
2017-04-28,421.99,423.0,413.48,409.9,49505.87,-7.96,-1.89,414.064,409.234,399.892,52120.28,47631.68,39742.32
2017-04-27,415.53,421.97,421.44,410.43,28240.71,3.48,0.83,411.474,407.431,398.401,52085.69,45045.75,39132.01
2017-04-26,418.85,428.68,417.96,413.01,56624.12,-0.93,-0.22,410.248,405.126,396.342,56529.08,46786.51,39779.34
2017-04-25,404.8,420.17,418.89,404.8,76192.71,20.34,5.1,407.804,402.353,394.385,52714.28,43824.39,39632.64
2017-04-24,400.62,405.0,398.55,389.0,50037.97,-1.98,-0.49,404.956,398.993,392.781,47391.94,40558.19,37487.39
2017-04-21,415.0,415.6,400.53,400.0,49332.92,-14.78,-3.56,404.404,398.058,392.343,43143.08,38441.34,36710.74
2017-04-20,406.09,420.43,415.31,406.09,50457.68,9.57,2.36,403.388,397.292,392.041,38005.81,35917.78,36520.73
2017-04-19,403.0,409.1,405.74,402.86,37550.11,1.09,0.27,400.004,394.952,390.976,37043.95,33757.73,36420.89
2017-04-18,394.6,406.55,404.65,394.6,49581.0,8.86,2.24,396.902,393.344,390.009,34934.51,34081.71,36120.68
2017-04-17,391.0,398.28,395.79,388.55,28793.71,0.34,0.09,393.03,391.515,388.701,33724.45,31571.04,35376.64
2017-04-14,399.43,399.88,395.45,395.0,23646.56,-2.94,-0.74,391.712,390.55,387.65,33739.6,31852.96,35188.09
2017-04-13,390.78,398.59,398.39,390.51,45648.35,8.16,2.09,391.196,389.37,386.611,33829.74,33218.28,35263.52
2017-04-12,385.29,391.0,390.23,384.8,27002.91,4.94,1.28,389.9,387.557,385.167,30471.51,32772.16,34001.93
2017-04-11,388.05,390.7,385.29,380.6,43530.72,-3.91,-1.0,389.786,386.416,384.9,33228.92,35440.89,34370.3
2017-04-10,394.0,394.0,389.2,388.0,28869.48,-3.67,-0.93,390.0,386.569,384.878,29417.62,34416.59,33861.39
2017-04-07,392.99,394.0,392.87,389.6,24097.23,0.96,0.24,389.388,386.628,384.624,29966.32,34980.13,34155.03
2017-04-06,389.01,393.0,391.91,386.63,28857.2,2.25,0.58,387.544,386.789,384.109,32606.81,37123.68,34783.64
2017-04-05,385.66,394.99,389.66,385.0,40789.98,3.3,0.85,385.214,386.999,383.589,35072.81,39084.05,35178.74
2017-03-31,386.2,388.0,386.36,384.18,24474.22,0.22,0.06,383.046,386.674,383.155,37652.87,38159.65,34777.93
2017-03-30,383.0,386.89,386.14,382.6,31612.99,2.49,0.65,383.138,385.886,382.908,39415.57,39182.25,35570.53
2017-03-29,381.01,385.8,383.65,379.9,37299.67,3.39,0.89,383.868,384.749,382.639,39993.93,38523.21,35900.32
2017-03-28,379.95,381.15,380.26,376.66,41187.17,1.44,0.38,386.034,383.852,382.547,41640.54,37308.77,35773.11
2017-03-27,386.03,389.26,378.82,378.39,53690.28,-8.0,-2.07,388.784,382.776,382.776,43095.3,35231.7,35231.7
2017-03-24,392.32,393.22,386.82,385.0,33287.72,-2.97,-0.76,390.302,383.216,383.216,38666.43,33180.75,33180.75
2017-03-23,392.03,393.99,389.79,386.6,34504.81,-4.69,-1.19,388.634,382.765,382.765,38948.94,33167.38,33167.38
2017-03-22,390.53,394.6,394.48,385.0,45532.71,0.47,0.12,385.63,381.761,381.761,37052.49,32976.32,32976.32
2017-03-21,386.55,396.5,394.01,386.5,48460.96,7.6,1.97,381.67,379.642,379.642,32977.0,30883.59,30883.59
2017-03-20,380.5,386.71,386.41,378.88,31545.94,7.93,2.1,376.768,376.768,376.768,27368.11,27368.11,27368.11
2017-03-17,373.1,384.45,378.48,373.1,34700.26,3.71,0.99,374.358,374.358,374.358,26323.65,26323.65,26323.65
2017-03-16,376.56,378.3,374.77,372.8,25022.6,0.09,0.02,372.983,372.983,372.983,23531.45,23531.45,23531.45
2017-03-15,369.5,375.15,374.68,369.01,25155.26,5.18,1.4,372.09,372.09,372.09,22785.88,22785.88,22785.88
2017-03-14,371.55,373.85,369.5,368.34,20416.49,-2.05,-0.55,369.5,369.5,369.5,20416.49,20416.49,20416.49
